{
  "fixtures": [
    {
      "points": [
        {
          "point": {
            "x": -400,
            "y": 150.71099853515625,
            "z": 229.28932309150696
          },
          "angle": {
            "yaw": 0.0,
            "pitch": 45.0,
            "roll": 0.0,
            "fov": 70.0
          }
        },
        {
          "point": {
            "x": -400,
            "y": 80.0,
            "z": 300.0
          },
          "angle": {
            "yaw": 0.0,
            "pitch": 45.0,
            "roll": 0.0,
            "fov": 70.0
          }
        }
      ],
      "useSpeed": false,
      "speed": {
        "keyframes": [
          {
            "tick": 0,
            "value": 1.0,
            "interp": "LINEAR",
            "easing": "IN",
            "rx": 5.0,
            "ry": 0.0,
            "lx": 5.0,
            "ly": 0.0
          }
        ]
      },
      "duration": 50,
      "name": "",
      "color": 0,
      "modifiers": [],
      "type": "path",
      "interpolation": "linear",
      "interpolationAngle": "linear"
    },
    {
      "points": [
        {
          "point": {
            "x": -329.28900146484375,
            "y": 150.71099853515625,
            "z": 300.0
          },
          "angle": {
            "yaw": 90.0,
            "pitch": 45.0,
            "roll": 0.0,
            "fov": 70.0
          }
        },
        {
          "point": {
            "x": -400.0,
            "y": 80.0,
            "z": 300.0
          },
          "angle": {
            "yaw": 90.0,
            "pitch": 45.0,
            "roll": 0.0,
            "fov": 70.0
          }
        }
      ],
      "useSpeed": false,
      "speed": {
        "keyframes": [
          {
            "tick": 0.0,
            "value": 1.0,
            "interp": "LINEAR",
            "easing": "IN",
            "rx": 5.0,
            "ry": 0.0,
            "lx": 5.0,
            "ly": 0.0
          }
        ]
      },
      "duration": 50,
      "name": "",
      "color": 0,
      "modifiers": [],
      "type": "path",
      "interpolation": "linear",
      "interpolationAngle": "linear"
    },
    {
      "points": [
        {
          "point": {
            "x": -400.0,
            "y": 150.71099853515625,
            "z": 370.71067690849304
          },
          "angle": {
            "yaw": 180.0,
            "pitch": 45.0,
            "roll": 0.0,
            "fov": 70.0
          }
        },
        {
          "point": {
            "x": -400.0,
            "y": 80.0,
            "z": 300.0
          },
          "angle": {
            "yaw": 180.0,
            "pitch": 45.0,
            "roll": 0.0,
            "fov": 70.0
          }
        }
      ],
      "useSpeed": false,
      "speed": {
        "keyframes": [
          {
            "tick": 0,
            "value": 1.0,
            "interp": "LINEAR",
            "easing": "IN",
            "rx": 5.0,
            "ry": 0.0,
            "lx": 5.0,
            "ly": 0.0
          }
        ]
      },
      "duration": 50,
      "name": "",
      "color": 0,
      "modifiers": [],
      "type": "path",
      "interpolation": "linear",
      "interpolationAngle": "linear"
    },
    {
      "points": [
        {
          "point": {
            "x": -470.71067690849304,
            "y": 150.71099853515625,
            "z": 300.0
          },
          "angle": {
            "yaw": 270.0,
            "pitch": 45.0,
            "roll": 0.0,
            "fov": 70.0
          }
        },
        {
          "point": {
            "x": -400.0,
            "y": 80.0,
            "z": 300.0
          },
          "angle": {
            "yaw": 270.0,
            "pitch": 45.0,
            "roll": 0.0,
            "fov": 70.0
          }
        }
      ],
      "useSpeed": false,
      "speed": {
        "keyframes": [
          {
            "tick": 0,
            "value": 1.0,
            "interp": "LINEAR",
            "easing": "IN",
            "rx": 5.0,
            "ry": 0.0,
            "lx": 5.0,
            "ly": 0.0
          }
        ]
      },
      "duration": 50,
      "name": "",
      "color": 0,
      "modifiers": [],
      "type": "path",
      "interpolation": "linear",
      "interpolationAngle": "linear"
    }
  ],
  "modifiers": [],
  "curves": {}
}