{
    "fixtures": [
        {
            "points": [
                {
                    "point": {
                        "x": 0,
                        "y": 150.71099853515625,
                        "z": -70.71067690849304
                    },
                    "angle": {
                        "yaw": 0.0,
                        "pitch": 45.0,
                        "roll": 0.0,
                        "fov": 70.0
                    }
                },
                {
                    "point": {
                        "x": 0,
                        "y": 80.0,
                        "z": 0.0
                    },
                    "angle": {
                        "yaw": 0.0,
                        "pitch": 45.0,
                        "roll": 0.0,
                        "fov": 70.0
                    }
                }
            ],
            "useSpeed": false,
            "speed": {
                "keyframes": [
                    {
                        "tick": 0,
                        "value": 1.0,
                        "interp": "LINEAR",
                        "easing": "IN",
                        "rx": 5.0,
                        "ry": 0.0,
                        "lx": 5.0,
                        "ly": 0.0
                    }
                ]
            },
            "duration": 50,
            "name": "",
            "color": 0,
            "modifiers": [],
            "type": "path",
            "interpolation": "linear",
            "interpolationAngle": "linear"
        },
        {
            "points": [
                {
                    "point": {
                        "x": 70.71099853515625,
                        "y": 150.71099853515625,
                        "z": 0.0
                    },
                    "angle": {
                        "yaw": 90.0,
                        "pitch": 45.0,
                        "roll": 0.0,
                        "fov": 70.0
                    }
                },
                {
                    "point": {
                        "x": 0.0,
                        "y": 80.0,
                        "z": 0.0
                    },
                    "angle": {
                        "yaw": 90.0,
                        "pitch": 45.0,
                        "roll": 0.0,
                        "fov": 70.0
                    }
                }
            ],
            "useSpeed": false,
            "speed": {
                "keyframes": [
                    {
                        "tick": 0.0,
                        "value": 1.0,
                        "interp": "LINEAR",
                        "easing": "IN",
                        "rx": 5.0,
                        "ry": 0.0,
                        "lx": 5.0,
                        "ly": 0.0
                    }
                ]
            },
            "duration": 50,
            "name": "",
            "color": 0,
            "modifiers": [],
            "type": "path",
            "interpolation": "linear",
            "interpolationAngle": "linear"
        },
        {
            "points": [
                {
                    "point": {
                        "x": 0.0,
                        "y": 150.71099853515625,
                        "z": 70.71067690849304
                    },
                    "angle": {
                        "yaw": 180.0,
                        "pitch": 45.0,
                        "roll": 0.0,
                        "fov": 70.0
                    }
                },
                {
                    "point": {
                        "x": 0.0,
                        "y": 80.0,
                        "z": 0.0
                    },
                    "angle": {
                        "yaw": 180.0,
                        "pitch": 45.0,
                        "roll": 0.0,
                        "fov": 70.0
                    }
                }
            ],
            "useSpeed": false,
            "speed": {
                "keyframes": [
                    {
                        "tick": 0,
                        "value": 1.0,
                        "interp": "LINEAR",
                        "easing": "IN",
                        "rx": 5.0,
                        "ry": 0.0,
                        "lx": 5.0,
                        "ly": 0.0
                    }
                ]
            },
            "duration": 50,
            "name": "",
            "color": 0,
            "modifiers": [],
            "type": "path",
            "interpolation": "linear",
            "interpolationAngle": "linear"
        },
        {
            "points": [
                {
                    "point": {
                        "x": -70.71067690849304,
                        "y": 150.71099853515625,
                        "z": 0.0
                    },
                    "angle": {
                        "yaw": 270.0,
                        "pitch": 45.0,
                        "roll": 0.0,
                        "fov": 70.0
                    }
                },
                {
                    "point": {
                        "x": 0.0,
                        "y": 80.0,
                        "z": 0.0
                    },
                    "angle": {
                        "yaw": 270.0,
                        "pitch": 45.0,
                        "roll": 0.0,
                        "fov": 70.0
                    }
                }
            ],
            "useSpeed": false,
            "speed": {
                "keyframes": [
                    {
                        "tick": 0,
                        "value": 1.0,
                        "interp": "LINEAR",
                        "easing": "IN",
                        "rx": 5.0,
                        "ry": 0.0,
                        "lx": 5.0,
                        "ly": 0.0
                    }
                ]
            },
            "duration": 50,
            "name": "",
            "color": 0,
            "modifiers": [],
            "type": "path",
            "interpolation": "linear",
            "interpolationAngle": "linear"
        }
    ],
    "modifiers": [],
    "curves": {}
}