{
  "fixtures": [
    {
      "points": [
        {
          "point": {
            "x": 100.0,
            "y": 150.71099853515625,
            "z": -29.289323091506958
          },
          "angle": {
            "yaw": 180.0,
            "pitch": 45.0,
            "roll": 0.0,
            "fov": 70.0
          }
        },
        {
          "point": {
            "x": 100.0,
            "y": 80.0,
            "z": -100.0
          },
          "angle": {
            "yaw": 180.0,
            "pitch": 45.0,
            "roll": 0.0,
            "fov": 70.0
          }
        }
      ],
      "useSpeed": false,
      "speed": {
        "keyframes": [
          {
            "tick": 0,
            "value": 1.0,
            "interp": "LINEAR",
            "easing": "IN",
            "rx": 5.0,
            "ry": 0.0,
            "lx": 5.0,
            "ly": 0.0
          }
        ]
      },
      "duration": 50,
      "name": "",
      "color": 0,
      "modifiers": [],
      "type": "path",
      "interpolation": "linear",
      "interpolationAngle": "linear"
    }
  ],
  "modifiers": [],
  "curves": []
}