{
  "fixtures": [
    {
      "points": [
        {
          "point": {
            "x": -100.0,
            "y": 150.0,
            "z": 0.0
          },
          "angle": {
            "yaw": 270.0,
            "pitch": 45.0,
            "roll": 0.0,
            "fov": 70
          }
        },
        {
          "point": {
            "x": -29.289321881345245,
            "y": 79.28932188134524,
            "z": -1.29893408435324e-14
          },
          "angle": {
            "yaw": 270.0,
            "pitch": 45.0,
            "roll": 0.0,
            "fov": 70
          }
        }
      ],
      "useSpeed": false,
      "speed": {
        "keyframes": [
          {
            "tick": 0,
            "value": 1.0,
            "interp": "LINEAR",
            "easing": "IN",
            "rx": 5.0,
            "ry": 0.0,
            "lx": 5.0,
            "ly": 0.0
          }
        ]
      },
      "duration": 100,
      "name": "",
      "color": 0,
      "modifiers": [],
      "type": "path",
      "interpolation": "hermite",
      "interpolationAngle": "hermite"
    }
  ],
  "modifiers": [],
  "curves": {}
}