{
    "fixtures": [
        {
            "points": [
                {
                    "point": {
                        "x": -380.1458641996775,
                        "y": 125.31403029869031,
                        "z": -170.09329660895565
                    },
                    "angle": {
                        "yaw": -74.88385,
                        "pitch": 19.064365,
                        "roll": 0.0,
                        "fov": 70.0
                    }
                },
                {
                    "point": {
                        "x": -349.17823098210425,
                        "y": 125.3140302986903,
                        "z": -165.13394844166288
                    },
                    "angle": {
                        "yaw": -76.63385,
                        "pitch": 22.564365,
                        "roll": 0.0,
                        "fov": 70.0
                    }
                },
                {
                    "point": {
                        "x": -316.58622763661475,
                        "y": 125.3140302986903,
                        "z": -157.3872520514513
                    },
                    "angle": {
                        "yaw": -76.63385,
                        "pitch": 61.064365,
                        "roll": 0.0,
                        "fov": 70.0
                    }
                },
                {
                    "point": {
                        "x": -289.83159802464576,
                        "y": 125.3140302986903,
                        "z": -151.02802367142687
                    },
                    "angle": {
                        "yaw": -76.63385,
                        "pitch": 61.064365,
                        "roll": 0.0,
                        "fov": 70.0
                    }
                },
                {
                    "point": {
                        "x": -249.15112594870658,
                        "y": 125.3140302986903,
                        "z": -157.20102881693566
                    },
                    "angle": {
                        "yaw": -118.63385,
                        "pitch": 45.314365,
                        "roll": 0.0,
                        "fov": 70.0
                    }
                },
                {
                    "point": {
                        "x": -221.84015993384452,
                        "y": 125.3140302986903,
                        "z": -180.93931517803395
                    },
                    "angle": {
                        "yaw": -136.13385,
                        "pitch": 29.564365,
                        "roll": 0.0,
                        "fov": 70.0
                    }
                },
                {
                    "point": {
                        "x": -214.47850230784894,
                        "y": 125.3140302986903,
                        "z": -210.29189539754117
                    },
                    "angle": {
                        "yaw": -193.88385,
                        "pitch": 29.564365,
                        "roll": 0.0,
                        "fov": 70.0
                    }
                },
                {
                    "point": {
                        "x": -232.3812491044569,
                        "y": 125.3140302986903,
                        "z": -236.3150009592744
                    },
                    "angle": {
                        "yaw": -239.38385,
                        "pitch": 29.564365,
                        "roll": 0.0,
                        "fov": 70.0
                    }
                },
                {
                    "point": {
                        "x": -264.22248772351674,
                        "y": 125.3140302986903,
                        "z": -255.1600347041257
                    },
                    "angle": {
                        "yaw": -239.38385,
                        "pitch": 38.314365,
                        "roll": 0.0,
                        "fov": 70.0
                    }
                },
                {
                    "point": {
                        "x": -287.6491677579162,
                        "y": 121.41403029869049,
                        "z": -275.4004741548669
                    },
                    "angle": {
                        "yaw": -223.63385,
                        "pitch": 47.064365,
                        "roll": 0.0,
                        "fov": 70.0
                    }
                },
                {
                    "point": {
                        "x": -296.8955223497633,
                        "y": 108.01403029869083,
                        "z": -285.0991817473549
                    },
                    "angle": {
                        "yaw": -223.63385,
                        "pitch": 47.064365,
                        "roll": 0.0,
                        "fov": 70.0
                    }
                },
                {
                    "point": {
                        "x": -309.3847712596031,
                        "y": 107.90312459687931,
                        "z": -298.2067206191211
                    },
                    "angle": {
                        "yaw": -242.52986,
                        "pitch": 28.518227,
                        "roll": 0.0,
                        "fov": 70.0
                    }
                },
                {
                    "point": {
                        "x": -330.0439679753856,
                        "y": 107.5155031251279,
                        "z": -305.91621931892905
                    },
                    "angle": {
                        "yaw": -262.13385,
                        "pitch": 3.3143654,
                        "roll": 0.0,
                        "fov": 70.0
                    }
                },
                {
                    "point": {
                        "x": -356.42938436389727,
                        "y": 107.5155031251279,
                        "z": -307.8088358665732
                    },
                    "angle": {
                        "yaw": -269.13385,
                        "pitch": 3.3143654,
                        "roll": 0.0,
                        "fov": 70.0
                    }
                },
                {
                    "point": {
                        "x": -382.8449697999901,
                        "y": 107.51547582946152,
                        "z": -320.08980578705115
                    },
                    "angle": {
                        "yaw": -231.66347,
                        "pitch": 10.312592,
                        "roll": 0.0,
                        "fov": 70.0
                    }
                },
                {
                    "point": {
                        "x": -400.76854336680736,
                        "y": 107.51547626211901,
                        "z": -360.7806912528022
                    },
                    "angle": {
                        "yaw": -207.87381,
                        "pitch": 22.395037,
                        "roll": 0.0,
                        "fov": 70.0
                    }
                },
                {
                    "point": {
                        "x": -416.5684535638148,
                        "y": 107.5154762627052,
                        "z": -379.0208485576673
                    },
                    "angle": {
                        "yaw": -177.0923,
                        "pitch": 36.393707,
                        "roll": -9.841537,
                        "fov": 70.0
                    }
                },
                {
                    "point": {
                        "x": -417.9086883108307,
                        "y": 107.51547626270245,
                        "z": -420.63892687945776
                    },
                    "angle": {
                        "yaw": -187.4951,
                        "pitch": 29.432533,
                        "roll": 17.520155,
                        "fov": 70.0
                    }
                },
                {
                    "point": {
                        "x": -418.12948201954293,
                        "y": 107.51547626270253,
                        "z": -478.5258998826304
                    },
                    "angle": {
                        "yaw": -173.4067,
                        "pitch": 29.490757,
                        "roll": 5.04776,
                        "fov": 70.0
                    }
                },
                {
                    "point": {
                        "x": -412.1723533971263,
                        "y": 107.51547626270258,
                        "z": -529.967384438925
                    },
                    "angle": {
                        "yaw": -173.36748,
                        "pitch": 37.71113,
                        "roll": 5.013042,
                        "fov": 70.0
                    }
                },
                {
                    "point": {
                        "x": -410.0069626187808,
                        "y": 107.51547626270258,
                        "z": -548.603924234332
                    },
                    "angle": {
                        "yaw": -173.35374,
                        "pitch": 37.505135,
                        "roll": 5.0008936,
                        "fov": 70.0
                    }
                }
            ],
            "useSpeed": false,
            "speed": {
                "keyframes": [
                    {
                        "tick": 0,
                        "value": 1.0,
                        "interp": "LINEAR",
                        "easing": "IN",
                        "rx": 5.0,
                        "ry": 0.0,
                        "lx": 5.0,
                        "ly": 0.0
                    }
                ]
            },
            "duration": 400,
            "name": "",
            "color": 0,
            "modifiers": [],
            "type": "path",
            "interpolation": "hermite",
            "interpolationAngle": "hermite"
        }
    ],
    "modifiers": [],
    "curves": {}
}