{
    "fixtures": [
        {
            "points": [
                {
                    "point": {
                        "x": -373.0641917335982,
                        "y": 70.81403029869097,
                        "z": -151.3730196629394
                    },
                    "angle": {
                        "yaw": -89.233826,
                        "pitch": 0.0,
                        "roll": 0.0,
                        "fov": 70.0
                    }
                },
                {
                    "point": {
                        "x": -366.96474111556955,
                        "y": 70.81403029869097,
                        "z": -151.2911458990279
                    },
                    "angle": {
                        "yaw": -89.233826,
                        "pitch": 0.0,
                        "roll": 0.0,
                        "fov": 70.0
                    }
                },
                {
                    "point": {
                        "x": -354.46586689829775,
                        "y": 70.81403029869097,
                        "z": -151.12337179265202
                    },
                    "angle": {
                        "yaw": -89.233826,
                        "pitch": 0.0,
                        "roll": 0.0,
                        "fov": 70.0
                    }
                },
                {
                    "point": {
                        "x": -341.46703771233507,
                        "y": 70.81403029869097,
                        "z": -150.94888672202111
                    },
                    "angle": {
                        "yaw": -89.233826,
                        "pitch": 0.0,
                        "roll": 0.0,
                        "fov": 70.0
                    }
                },
                {
                    "point": {
                        "x": -330.96798336982675,
                        "y": 70.81403029869097,
                        "z": -150.80795647266538
                    },
                    "angle": {
                        "yaw": -89.233826,
                        "pitch": 0.0,
                        "roll": 0.0,
                        "fov": 70.0
                    }
                },
                {
                    "point": {
                        "x": -320.56645459413477,
                        "y": 70.81403029869097,
                        "z": -158.78192152238668
                    },
                    "angle": {
                        "yaw": -171.48383,
                        "pitch": 0.0,
                        "roll": 0.0,
                        "fov": 70.0
                    }
                },
                {
                    "point": {
                        "x": -318.5346617820854,
                        "y": 70.81403029869097,
                        "z": -176.15562130666555
                    },
                    "angle": {
                        "yaw": -174.98383,
                        "pitch": 0.0,
                        "roll": 0.0,
                        "fov": 70.0
                    }
                },
                {
                    "point": {
                        "x": -320.0755171935255,
                        "y": 70.81403029869097,
                        "z": -191.80663572407545
                    },
                    "angle": {
                        "yaw": -201.23383,
                        "pitch": 0.0,
                        "roll": 0.0,
                        "fov": 70.0
                    }
                },
                {
                    "point": {
                        "x": -319.2129795859749,
                        "y": 70.81403029869097,
                        "z": -213.17776172018827
                    },
                    "angle": {
                        "yaw": -239.73383,
                        "pitch": 0.0,
                        "roll": 0.0,
                        "fov": 70.0
                    }
                },
                {
                    "point": {
                        "x": -320.17061467572995,
                        "y": 70.81403029869097,
                        "z": -229.8204391316253
                    },
                    "angle": {
                        "yaw": -255.48383,
                        "pitch": 0.0,
                        "roll": 0.0,
                        "fov": 70.0
                    }
                },
                {
                    "point": {
                        "x": -322.3754197788606,
                        "y": 70.81403029869097,
                        "z": -255.24990187368573
                    },
                    "angle": {
                        "yaw": -269.48383,
                        "pitch": 0.0,
                        "roll": 0.0,
                        "fov": 70.0
                    }
                },
                {
                    "point": {
                        "x": -323.59006451174565,
                        "y": 70.81403029869097,
                        "z": -293.1663395470682
                    },
                    "angle": {
                        "yaw": -194.23383,
                        "pitch": 0.0,
                        "roll": 0.0,
                        "fov": 70.0
                    }
                },
                {
                    "point": {
                        "x": -318.96188069239207,
                        "y": 70.81403029869097,
                        "z": -308.5588688782159
                    },
                    "angle": {
                        "yaw": -188.98383,
                        "pitch": 0.0,
                        "roll": 0.0,
                        "fov": 70.0
                    }
                },
                {
                    "point": {
                        "x": -321.93943044902664,
                        "y": 70.81403029869097,
                        "z": -327.4684546286879
                    },
                    "angle": {
                        "yaw": -188.97676,
                        "pitch": 0.0,
                        "roll": 0.0,
                        "fov": 70.0
                    }
                },
                {
                    "point": {
                        "x": -322.3300126528917,
                        "y": 70.81403029869097,
                        "z": -339.5555320302663
                    },
                    "angle": {
                        "yaw": -188.97676,
                        "pitch": 0.0,
                        "roll": 0.0,
                        "fov": 70.0
                    }
                },
                {
                    "point": {
                        "x": -321.32004455976096,
                        "y": 70.81403029869097,
                        "z": -356.26120743105986
                    },
                    "angle": {
                        "yaw": -97.27669,
                        "pitch": 0.0,
                        "roll": 0.0,
                        "fov": 70.0
                    }
                },
                {
                    "point": {
                        "x": -320.2278688904913,
                        "y": 70.81403029869097,
                        "z": -366.15833425472357
                    },
                    "angle": {
                        "yaw": -79.77669,
                        "pitch": 0.0,
                        "roll": 0.0,
                        "fov": 70.0
                    }
                },
                {
                    "point": {
                        "x": -318.1172781576021,
                        "y": 70.81403029869097,
                        "z": -382.4745273883162
                    },
                    "angle": {
                        "yaw": -95.52669,
                        "pitch": 1.75,
                        "roll": 0.0,
                        "fov": 70.0
                    }
                },
                {
                    "point": {
                        "x": -319.91341030491424,
                        "y": 70.81403029869097,
                        "z": -401.42434155891516
                    },
                    "angle": {
                        "yaw": -99.02669,
                        "pitch": -3.5,
                        "roll": 0.0,
                        "fov": 70.0
                    }
                },
                {
                    "point": {
                        "x": -315.0161862958772,
                        "y": 70.81403029869097,
                        "z": -418.4027753318367
                    },
                    "angle": {
                        "yaw": -99.02669,
                        "pitch": -3.5,
                        "roll": 0.0,
                        "fov": 70.0
                    }
                },
                {
                    "point": {
                        "x": -317.2908018369777,
                        "y": 70.81403029869097,
                        "z": -432.723254903656
                    },
                    "angle": {
                        "yaw": -99.02669,
                        "pitch": -3.5,
                        "roll": 0.0,
                        "fov": 70.0
                    }
                },
                {
                    "point": {
                        "x": -318.14862031825726,
                        "y": 70.81403029869097,
                        "z": -450.09288288603403
                    },
                    "angle": {
                        "yaw": -85.02669,
                        "pitch": -3.5,
                        "roll": 0.0,
                        "fov": 70.0
                    }
                },
                {
                    "point": {
                        "x": -306.6866104174492,
                        "y": 70.81403029869097,
                        "z": -456.28541162113527
                    },
                    "angle": {
                        "yaw": -88.876686,
                        "pitch": -3.5,
                        "roll": 0.0,
                        "fov": 70.0
                    }
                },
                {
                    "point": {
                        "x": -292.62052906026065,
                        "y": 70.81403029869097,
                        "z": -459.5095956089614
                    },
                    "angle": {
                        "yaw": -88.876686,
                        "pitch": -3.5,
                        "roll": 0.0,
                        "fov": 70.0
                    }
                },
                {
                    "point": {
                        "x": -279.09365687147647,
                        "y": 70.81403029869097,
                        "z": -460.74399226686785
                    },
                    "angle": {
                        "yaw": -88.876686,
                        "pitch": -3.5,
                        "roll": 0.0,
                        "fov": 70.0
                    }
                },
                {
                    "point": {
                        "x": -265.59626397863894,
                        "y": 70.81403029869097,
                        "z": -460.47867860334793
                    },
                    "angle": {
                        "yaw": -88.876686,
                        "pitch": -3.5,
                        "roll": 0.0,
                        "fov": 70.0
                    }
                },
                {
                    "point": {
                        "x": -247.59974012152225,
                        "y": 70.81403029869097,
                        "z": -460.12492705198804
                    },
                    "angle": {
                        "yaw": -88.876686,
                        "pitch": -3.5,
                        "roll": 0.0,
                        "fov": 70.0
                    }
                },
                {
                    "point": {
                        "x": -231.10292658583194,
                        "y": 70.81403029869097,
                        "z": -459.8006547965748
                    },
                    "angle": {
                        "yaw": -88.876686,
                        "pitch": -3.5,
                        "roll": 0.0,
                        "fov": 70.0
                    }
                },
                {
                    "point": {
                        "x": -215.60591993109256,
                        "y": 70.81403029869097,
                        "z": -459.496035405126
                    },
                    "angle": {
                        "yaw": -88.876686,
                        "pitch": -3.5,
                        "roll": 0.0,
                        "fov": 70.0
                    }
                },
                {
                    "point": {
                        "x": -189.24062062517328,
                        "y": 70.81403029869097,
                        "z": -467.9925140974895
                    },
                    "angle": {
                        "yaw": -25.876686,
                        "pitch": -3.5,
                        "roll": 0.0,
                        "fov": 70.0
                    }
                },
                {
                    "point": {
                        "x": -164.76147064656539,
                        "y": 70.81403029869097,
                        "z": -462.89365785837555
                    },
                    "angle": {
                        "yaw": 0.3733139,
                        "pitch": -3.5,
                        "roll": 0.0,
                        "fov": 70.0
                    }
                },
                {
                    "point": {
                        "x": -140.76198133916182,
                        "y": 70.81403029869097,
                        "z": -462.73949384957933
                    },
                    "angle": {
                        "yaw": 0.3733139,
                        "pitch": -3.5,
                        "roll": 0.0,
                        "fov": 70.0
                    }
                },
                {
                    "point": {
                        "x": -122.76236435860915,
                        "y": 70.81403029869097,
                        "z": -462.62387084298217
                    },
                    "angle": {
                        "yaw": 0.3733139,
                        "pitch": -3.5,
                        "roll": 0.0,
                        "fov": 70.0
                    }
                },
                {
                    "point": {
                        "x": -98.46927598208708,
                        "y": 70.81403029869097,
                        "z": -459.8806774121561
                    },
                    "angle": {
                        "yaw": 5.623314,
                        "pitch": -3.5,
                        "roll": 0.0,
                        "fov": 70.0
                    }
                },
                {
                    "point": {
                        "x": -81.55113574952406,
                        "y": 70.81403029869097,
                        "z": -458.216008017663
                    },
                    "angle": {
                        "yaw": 5.623314,
                        "pitch": -3.5,
                        "roll": 0.0,
                        "fov": 70.0
                    }
                },
                {
                    "point": {
                        "x": -64.63299551696105,
                        "y": 70.81403029869097,
                        "z": -456.5513386231699
                    },
                    "angle": {
                        "yaw": 5.623314,
                        "pitch": -3.5,
                        "roll": 0.0,
                        "fov": 70.0
                    }
                },
                {
                    "point": {
                        "x": -54.51829829901976,
                        "y": 70.81403029869097,
                        "z": -447.01512948692226
                    },
                    "angle": {
                        "yaw": 5.623314,
                        "pitch": -3.5,
                        "roll": 0.0,
                        "fov": 70.0
                    }
                },
                {
                    "point": {
                        "x": -55.36313365303499,
                        "y": 70.81403029869097,
                        "z": -429.5487350624838
                    },
                    "angle": {
                        "yaw": 0.3733139,
                        "pitch": -3.5,
                        "roll": 0.0,
                        "fov": 70.0
                    }
                },
                {
                    "point": {
                        "x": -55.4755449094489,
                        "y": 70.81403029869097,
                        "z": -412.049107442502
                    },
                    "angle": {
                        "yaw": 0.3733139,
                        "pitch": -3.5,
                        "roll": 0.0,
                        "fov": 70.0
                    }
                },
                {
                    "point": {
                        "x": -57.77083012691287,
                        "y": 70.81403029869097,
                        "z": -385.97568131506824
                    },
                    "angle": {
                        "yaw": -94.126686,
                        "pitch": -3.5,
                        "roll": 0.0,
                        "fov": 70.0
                    }
                },
                {
                    "point": {
                        "x": -56.198871448138334,
                        "y": 70.81403029869097,
                        "z": -358.0296427410879
                    },
                    "angle": {
                        "yaw": -90.626686,
                        "pitch": -3.5,
                        "roll": 0.0,
                        "fov": 70.0
                    }
                },
                {
                    "point": {
                        "x": -55.936565957465746,
                        "y": 70.81403029869097,
                        "z": -334.03107611358547
                    },
                    "angle": {
                        "yaw": -90.626686,
                        "pitch": -3.5,
                        "roll": 0.0,
                        "fov": 70.0
                    }
                },
                {
                    "point": {
                        "x": -55.66879576907081,
                        "y": 70.81403029869097,
                        "z": -309.53253934801006
                    },
                    "angle": {
                        "yaw": -90.626686,
                        "pitch": -3.5,
                        "roll": 0.0,
                        "fov": 70.0
                    }
                },
                {
                    "point": {
                        "x": -55.428349069287606,
                        "y": 70.81403029869097,
                        "z": -287.5338532727995
                    },
                    "angle": {
                        "yaw": -90.626686,
                        "pitch": -3.5,
                        "roll": 0.0,
                        "fov": 70.0
                    }
                },
                {
                    "point": {
                        "x": -56.50313675074426,
                        "y": 70.81403029869097,
                        "z": -278.17208776891613
                    },
                    "angle": {
                        "yaw": -69.626686,
                        "pitch": -3.5,
                        "roll": 0.0,
                        "fov": 70.0
                    }
                },
                {
                    "point": {
                        "x": -61.827259954498686,
                        "y": 70.81403029869097,
                        "z": -267.4578389924803
                    },
                    "angle": {
                        "yaw": -52.126686,
                        "pitch": -3.5,
                        "roll": 0.0,
                        "fov": 70.0
                    }
                },
                {
                    "point": {
                        "x": -53.45800441174359,
                        "y": 70.81403029869097,
                        "z": -257.45813111484443
                    },
                    "angle": {
                        "yaw": -26.226692,
                        "pitch": -3.5,
                        "roll": 0.0,
                        "fov": 70.0
                    }
                },
                {
                    "point": {
                        "x": -49.13140315978379,
                        "y": 70.81403029869097,
                        "z": -245.7908485335151
                    },
                    "angle": {
                        "yaw": -12.226692,
                        "pitch": -3.5,
                        "roll": 0.0,
                        "fov": 70.0
                    }
                },
                {
                    "point": {
                        "x": -44.32299702471644,
                        "y": 70.81403029869097,
                        "z": -223.60467059433853
                    },
                    "angle": {
                        "yaw": -34.976692,
                        "pitch": -3.5,
                        "roll": 0.0,
                        "fov": 70.0
                    }
                },
                {
                    "point": {
                        "x": -33.712080827416486,
                        "y": 70.81403029869097,
                        "z": -217.04677208781635
                    },
                    "angle": {
                        "yaw": -66.47669,
                        "pitch": -3.5,
                        "roll": 0.0,
                        "fov": 70.0
                    }
                },
                {
                    "point": {
                        "x": -22.875419160784787,
                        "y": 70.81403029869097,
                        "z": -213.42209851265346
                    },
                    "angle": {
                        "yaw": -47.226692,
                        "pitch": -3.5,
                        "roll": 0.0,
                        "fov": 70.0
                    }
                },
                {
                    "point": {
                        "x": -18.230731776417798,
                        "y": 70.81403029869097,
                        "z": -205.28704478860294
                    },
                    "angle": {
                        "yaw": -13.976692,
                        "pitch": -3.5,
                        "roll": 0.0,
                        "fov": 70.0
                    }
                },
                {
                    "point": {
                        "x": -15.91798998161974,
                        "y": 70.81403029869097,
                        "z": -175.30044036627208
                    },
                    "angle": {
                        "yaw": -6.976692,
                        "pitch": -3.5,
                        "roll": 0.0,
                        "fov": 70.0
                    }
                },
                {
                    "point": {
                        "x": -12.744234104899789,
                        "y": 70.81403029869097,
                        "z": -164.6967154991666
                    },
                    "angle": {
                        "yaw": -61.226692,
                        "pitch": -3.5,
                        "roll": 0.0,
                        "fov": 70.0
                    }
                },
                {
                    "point": {
                        "x": 1.7486871082539608,
                        "y": 70.81403029869097,
                        "z": -148.646596287735
                    },
                    "angle": {
                        "yaw": -117.22669,
                        "pitch": -3.5,
                        "roll": 0.0,
                        "fov": 70.0
                    }
                },
                {
                    "point": {
                        "x": 22.336176385378366,
                        "y": 70.81403029869097,
                        "z": -151.75351804996302
                    },
                    "angle": {
                        "yaw": -162.72668,
                        "pitch": -3.5,
                        "roll": 0.0,
                        "fov": 70.0
                    }
                },
                {
                    "point": {
                        "x": 32.02016300682155,
                        "y": 70.81403029869097,
                        "z": -166.79433631234264
                    },
                    "angle": {
                        "yaw": -202.97668,
                        "pitch": -3.5,
                        "roll": 0.0,
                        "fov": 70.0
                    }
                },
                {
                    "point": {
                        "x": 28.584768213072692,
                        "y": 70.81403029869097,
                        "z": -189.51275982790088
                    },
                    "angle": {
                        "yaw": -262.47668,
                        "pitch": -3.5,
                        "roll": 0.0,
                        "fov": 70.0
                    }
                },
                {
                    "point": {
                        "x": -3.6616489709919993,
                        "y": 70.81403029869097,
                        "z": -194.53332517308172
                    },
                    "angle": {
                        "yaw": -269.45703,
                        "pitch": -3.5,
                        "roll": 0.0,
                        "fov": 70.0
                    }
                },
                {
                    "point": {
                        "x": -29.39967858553093,
                        "y": 70.81403029869097,
                        "z": -201.0787977124322
                    },
                    "angle": {
                        "yaw": -269.29767,
                        "pitch": -3.5,
                        "roll": 0.0,
                        "fov": 70.0
                    }
                },
                {
                    "point": {
                        "x": -39.89888813853424,
                        "y": 70.81403029869097,
                        "z": -201.20764886538868
                    },
                    "angle": {
                        "yaw": -269.29767,
                        "pitch": -3.5,
                        "roll": 0.0,
                        "fov": 70.0
                    }
                }
            ],
            "useSpeed": false,
            "speed": {
                "keyframes": [
                    {
                        "tick": 0,
                        "value": 1.0,
                        "interp": "LINEAR",
                        "easing": "IN",
                        "rx": 5.0,
                        "ry": 0.0,
                        "lx": 5.0,
                        "ly": 0.0
                    }
                ]
            },
            "duration": 600,
            "name": "",
            "color": 0,
            "modifiers": [],
            "type": "path",
            "interpolation": "hermite",
            "interpolationAngle": "hermite"
        },
        {
            "points": [
                {
                    "point": {
                        "x": -319.64676864234247,
                        "y": 70.81403029869097,
                        "z": -161.36324211887424
                    },
                    "angle": {
                        "yaw": -185.42725,
                        "pitch": 16.199999,
                        "roll": 0.0,
                        "fov": 70.0
                    }
                }
            ],
            "useSpeed": false,
            "speed": {
                "keyframes": [
                    {
                        "tick": 0,
                        "value": 1.0,
                        "interp": "LINEAR",
                        "easing": "IN",
                        "rx": 5.0,
                        "ry": 0.0,
                        "lx": 5.0,
                        "ly": 0.0
                    }
                ]
            },
            "duration": 50,
            "name": "",
            "color": 0,
            "modifiers": [],
            "type": "path",
            "interpolation": "hermite",
            "interpolationAngle": "hermite"
        }
    ],
    "modifiers": [],
    "curves": {}
}