{
    "fixtures": [
        {
            "points": [
                {
                    "point": {
                        "x": -162.80469482033226,
                        "y": 68.9646648470402,
                        "z": -143.71679125777572
                    },
                    "angle": {
                        "yaw": 180.05054,
                        "pitch": 12.065706,
                        "roll": 0.0,
                        "fov": 70.0
                    }
                },
                {
                    "point": {
                        "x": -162.7960661795425,
                        "y": 68.9646648470402,
                        "z": -153.71678768149704
                    },
                    "angle": {
                        "yaw": 180.05054,
                        "pitch": 12.065706,
                        "roll": 0.0,
                        "fov": 70.0
                    }
                },
                {
                    "point": {
                        "x": -162.78226035427923,
                        "y": 68.9646648470402,
                        "z": -169.71678195945114
                    },
                    "angle": {
                        "yaw": 180.05054,
                        "pitch": 12.065706,
                        "roll": 0.0,
                        "fov": 70.0
                    }
                },
                {
                    "point": {
                        "x": -162.76716023289754,
                        "y": 68.9646648470402,
                        "z": -187.21677570096344
                    },
                    "angle": {
                        "yaw": 180.05054,
                        "pitch": 12.065706,
                        "roll": 0.0,
                        "fov": 70.0
                    }
                },
                {
                    "point": {
                        "x": -162.75723729598957,
                        "y": 68.9646648470402,
                        "z": -198.71677158824295
                    },
                    "angle": {
                        "yaw": 126.50043,
                        "pitch": 12.065706,
                        "roll": 0.0,
                        "fov": 70.0
                    }
                },
                {
                    "point": {
                        "x": -162.59886196409042,
                        "y": 68.9646648470402,
                        "z": -213.04743739641398
                    },
                    "angle": {
                        "yaw": 88.00043,
                        "pitch": 12.065706,
                        "roll": 0.0,
                        "fov": 70.0
                    }
                },
                {
                    "point": {
                        "x": -163.1047811672526,
                        "y": 68.9646648470402,
                        "z": -227.5385605064699
                    },
                    "angle": {
                        "yaw": 88.00043,
                        "pitch": 12.065706,
                        "roll": 0.0,
                        "fov": 70.0
                    }
                },
                {
                    "point": {
                        "x": -163.71537330900009,
                        "y": 68.9646648470402,
                        "z": -245.02784701860637
                    },
                    "angle": {
                        "yaw": 88.00043,
                        "pitch": 12.065706,
                        "roll": 0.0,
                        "fov": 70.0
                    }
                },
                {
                    "point": {
                        "x": -165.04816199084433,
                        "y": 68.9646648470402,
                        "z": -272.474727031357
                    },
                    "angle": {
                        "yaw": 144.00043,
                        "pitch": 5.0657063,
                        "roll": 0.0,
                        "fov": 70.0
                    }
                },
                {
                    "point": {
                        "x": -166.76852055153475,
                        "y": 68.9646648470402,
                        "z": -296.10374147026226
                    },
                    "angle": {
                        "yaw": 168.81355,
                        "pitch": 5.0657063,
                        "roll": 0.0,
                        "fov": 70.0
                    }
                },
                {
                    "point": {
                        "x": -161.2629607661596,
                        "y": 68.9646648470402,
                        "z": -318.14073655880185
                    },
                    "angle": {
                        "yaw": 168.50043,
                        "pitch": 5.0657063,
                        "roll": 0.0,
                        "fov": 70.0
                    }
                },
                {
                    "point": {
                        "x": -161.42270651897104,
                        "y": 68.9646648470402,
                        "z": -336.4771619377205
                    },
                    "angle": {
                        "yaw": 168.50043,
                        "pitch": 5.0657063,
                        "roll": 0.0,
                        "fov": 70.0
                    }
                },
                {
                    "point": {
                        "x": -162.83357852389724,
                        "y": 68.9646648470402,
                        "z": -362.2844881837735
                    },
                    "angle": {
                        "yaw": 179.00043,
                        "pitch": 5.0657063,
                        "roll": 0.0,
                        "fov": 70.0
                    }
                },
                {
                    "point": {
                        "x": -163.6790850177526,
                        "y": 68.96466484704023,
                        "z": -405.9724594344082
                    },
                    "angle": {
                        "yaw": 178.65385,
                        "pitch": 5.0657063,
                        "roll": 0.0,
                        "fov": 70.0
                    }
                },
                {
                    "point": {
                        "x": -164.34125531659035,
                        "y": 68.96466484704023,
                        "z": -434.496352315513
                    },
                    "angle": {
                        "yaw": 178.66243,
                        "pitch": 5.0657063,
                        "roll": 0.0,
                        "fov": 70.0
                    }
                },
                {
                    "point": {
                        "x": -164.51156119134222,
                        "y": 68.9646648470402,
                        "z": -458.1223962367219
                    },
                    "angle": {
                        "yaw": 178.99689,
                        "pitch": 5.0657063,
                        "roll": 0.0,
                        "fov": 70.0
                    }
                },
                {
                    "point": {
                        "x": -165.15766528806574,
                        "y": 68.96466484704021,
                        "z": -469.9473193933328
                    },
                    "angle": {
                        "yaw": 178.05878,
                        "pitch": 5.0657063,
                        "roll": 0.0,
                        "fov": 70.0
                    }
                },
                {
                    "point": {
                        "x": -125.51930961294292,
                        "y": 68.9645063024545,
                        "z": -483.75589433322546
                    },
                    "angle": {
                        "yaw": 244.67168,
                        "pitch": 5.0657115,
                        "roll": 0.0,
                        "fov": 70.0
                    }
                },
                {
                    "point": {
                        "x": -88.35719614639012,
                        "y": 68.9782801540925,
                        "z": -483.1821852273478
                    },
                    "angle": {
                        "yaw": 275.705,
                        "pitch": 5.065276,
                        "roll": 0.0,
                        "fov": 70.0
                    }
                },
                {
                    "point": {
                        "x": -53.242512156786574,
                        "y": 74.6976141224365,
                        "z": -479.6463654992546
                    },
                    "angle": {
                        "yaw": 275.69455,
                        "pitch": 4.679132,
                        "roll": 0.0,
                        "fov": 70.0
                    }
                },
                {
                    "point": {
                        "x": -25.288487235799636,
                        "y": 75.36683696726153,
                        "z": -482.9756020806949
                    },
                    "angle": {
                        "yaw": 266.82166,
                        "pitch": 45.44875,
                        "roll": 0.0,
                        "fov": 70.0
                    }
                },
                {
                    "point": {
                        "x": 22.52076208908133,
                        "y": 75.36466484703985,
                        "z": -485.59509674845674
                    },
                    "angle": {
                        "yaw": 266.85046,
                        "pitch": 12.065704,
                        "roll": 0.0,
                        "fov": 70.0
                    }
                },
                {
                    "point": {
                        "x": 58.19887852091367,
                        "y": 75.36466484703985,
                        "z": -485.1568648257705
                    },
                    "angle": {
                        "yaw": 266.85046,
                        "pitch": 12.065704,
                        "roll": 0.0,
                        "fov": 70.0
                    }
                },
                {
                    "point": {
                        "x": 78.73850795384519,
                        "y": 67.26466484703985,
                        "z": -483.1836350077242
                    },
                    "angle": {
                        "yaw": 266.85046,
                        "pitch": 12.065704,
                        "roll": 0.0,
                        "fov": 70.0
                    }
                },
                {
                    "point": {
                        "x": 94.7142865335571,
                        "y": 67.26466484703985,
                        "z": -484.06369562087957
                    },
                    "angle": {
                        "yaw": 266.85046,
                        "pitch": 12.065704,
                        "roll": 0.0,
                        "fov": 70.0
                    }
                },
                {
                    "point": {
                        "x": 130.12216039391643,
                        "y": 67.26466484703985,
                        "z": -486.0142155923849
                    },
                    "angle": {
                        "yaw": 266.85046,
                        "pitch": 12.065704,
                        "roll": 0.0,
                        "fov": 70.0
                    }
                },
                {
                    "point": {
                        "x": 150.36690256016738,
                        "y": 67.26466484703985,
                        "z": -482.12186055266915
                    },
                    "angle": {
                        "yaw": 266.85046,
                        "pitch": 12.065704,
                        "roll": 0.0,
                        "fov": 70.0
                    }
                },
                {
                    "point": {
                        "x": 174.33057042973525,
                        "y": 67.26466484703985,
                        "z": -483.4419514724022
                    },
                    "angle": {
                        "yaw": 266.85046,
                        "pitch": 12.065704,
                        "roll": 0.0,
                        "fov": 70.0
                    }
                },
                {
                    "point": {
                        "x": 199.98448080027885,
                        "y": 67.26466484703985,
                        "z": -481.3498465103066
                    },
                    "angle": {
                        "yaw": 266.85046,
                        "pitch": 12.065704,
                        "roll": 0.0,
                        "fov": 70.0
                    }
                },
                {
                    "point": {
                        "x": 231.86402212826982,
                        "y": 67.26466484703985,
                        "z": -483.11589161117115
                    },
                    "angle": {
                        "yaw": 266.85046,
                        "pitch": 12.065704,
                        "roll": 0.0,
                        "fov": 70.0
                    }
                },
                {
                    "point": {
                        "x": 268.8080100938536,
                        "y": 67.26466484703985,
                        "z": -485.15103177909293
                    },
                    "angle": {
                        "yaw": 266.85046,
                        "pitch": 12.065704,
                        "roll": 0.0,
                        "fov": 70.0
                    }
                }
            ],
            "useSpeed": false,
            "speed": {
                "keyframes": [
                    {
                        "tick": 0,
                        "value": 1.0,
                        "interp": "LINEAR",
                        "easing": "IN",
                        "rx": 5.0,
                        "ry": 0.0,
                        "lx": 5.0,
                        "ly": 0.0
                    }
                ]
            },
            "duration": 600,
            "name": "",
            "color": 0,
            "modifiers": [],
            "type": "path",
            "interpolation": "hermite",
            "interpolationAngle": "hermite"
        }
    ],
    "modifiers": [],
    "curves": {}
}