{
    "fixtures": [
        {
            "points": [
                {
                    "point": {
                        "x": -163.3312669900683,
                        "y": 68.9646648470402,
                        "z": -157.4066680704722
                    },
                    "angle": {
                        "yaw": 177.80055,
                        "pitch": -4.8342943,
                        "roll": 0.0,
                        "fov": 70.0
                    }
                },
                {
                    "point": {
                        "x": -163.5695697238174,
                        "y": 68.96466484704021,
                        "z": -163.6020867740283
                    },
                    "angle": {
                        "yaw": 177.80055,
                        "pitch": -4.8342943,
                        "roll": 0.0,
                        "fov": 70.0
                    }
                },
                {
                    "point": {
                        "x": -164.0115828589973,
                        "y": 68.96466484704021,
                        "z": -175.09358920804357
                    },
                    "angle": {
                        "yaw": 177.80055,
                        "pitch": -4.8342943,
                        "roll": 0.0,
                        "fov": 70.0
                    }
                },
                {
                    "point": {
                        "x": -166.88565049287573,
                        "y": 68.96466484704021,
                        "z": -202.15308537236547
                    },
                    "angle": {
                        "yaw": 218.05055,
                        "pitch": -4.8342943,
                        "roll": 0.0,
                        "fov": 70.0
                    }
                },
                {
                    "point": {
                        "x": -164.7459735345532,
                        "y": 68.96466484704021,
                        "z": -213.81163524738645
                    },
                    "angle": {
                        "yaw": 218.05055,
                        "pitch": -4.8342943,
                        "roll": 0.0,
                        "fov": 70.0
                    }
                },
                {
                    "point": {
                        "x": -164.93453950402036,
                        "y": 68.96466484704021,
                        "z": -224.117674491323
                    },
                    "angle": {
                        "yaw": 218.05055,
                        "pitch": -4.8342943,
                        "roll": 0.0,
                        "fov": 70.0
                    }
                },
                {
                    "point": {
                        "x": -151.1885165047337,
                        "y": 68.96466484704021,
                        "z": -238.79273470393514
                    },
                    "angle": {
                        "yaw": 237.30055,
                        "pitch": -4.8342943,
                        "roll": 0.0,
                        "fov": 70.0
                    }
                },
                {
                    "point": {
                        "x": -132.49787416276232,
                        "y": 68.96466484704021,
                        "z": -241.42988756201362
                    },
                    "angle": {
                        "yaw": 261.80054,
                        "pitch": -4.8342943,
                        "roll": 0.0,
                        "fov": 70.0
                    }
                },
                {
                    "point": {
                        "x": -122.45749252256647,
                        "y": 68.96466484704021,
                        "z": -241.8666274239788
                    },
                    "angle": {
                        "yaw": 261.80054,
                        "pitch": -4.8342943,
                        "roll": 0.0,
                        "fov": 70.0
                    }
                },
                {
                    "point": {
                        "x": -106.92655196902051,
                        "y": 68.96466484704021,
                        "z": -252.30694736591667
                    },
                    "angle": {
                        "yaw": 204.05048,
                        "pitch": -4.8342943,
                        "roll": 0.0,
                        "fov": 70.0
                    }
                },
                {
                    "point": {
                        "x": -106.34702884223952,
                        "y": 67.96466484704027,
                        "z": -260.40857867798894
                    },
                    "angle": {
                        "yaw": 184.80026,
                        "pitch": -4.8342943,
                        "roll": 0.0,
                        "fov": 70.0
                    }
                },
                {
                    "point": {
                        "x": -106.75832721409097,
                        "y": 67.96466484704027,
                        "z": -267.46767433635085
                    },
                    "angle": {
                        "yaw": 184.80026,
                        "pitch": -4.8342943,
                        "roll": 0.0,
                        "fov": 70.0
                    }
                },
                {
                    "point": {
                        "x": -107.62607519519224,
                        "y": 67.96466484704027,
                        "z": -275.06681974507063
                    },
                    "angle": {
                        "yaw": 184.80026,
                        "pitch": -4.8342943,
                        "roll": 0.0,
                        "fov": 70.0
                    }
                },
                {
                    "point": {
                        "x": -106.84459963724657,
                        "y": 67.96466484704027,
                        "z": -290.0396880385944
                    },
                    "angle": {
                        "yaw": 181.30026,
                        "pitch": -4.8342943,
                        "roll": 0.0,
                        "fov": 70.0
                    }
                },
                {
                    "point": {
                        "x": -105.41569645185665,
                        "y": 67.96466484704027,
                        "z": -295.834618571169
                    },
                    "angle": {
                        "yaw": 274.40036,
                        "pitch": -4.8342943,
                        "roll": 0.0,
                        "fov": 70.0
                    }
                },
                {
                    "point": {
                        "x": -97.43927461881832,
                        "y": 67.96466484704027,
                        "z": -295.22086292780125
                    },
                    "angle": {
                        "yaw": 274.40036,
                        "pitch": -4.8342943,
                        "roll": 0.0,
                        "fov": 70.0
                    }
                },
                {
                    "point": {
                        "x": -85.97316823382572,
                        "y": 67.96466484704027,
                        "z": -294.3385891904601
                    },
                    "angle": {
                        "yaw": 274.40036,
                        "pitch": -4.8342943,
                        "roll": 0.0,
                        "fov": 70.0
                    }
                },
                {
                    "point": {
                        "x": -74.89050903026656,
                        "y": 67.96466484704027,
                        "z": -294.9902542745241
                    },
                    "angle": {
                        "yaw": 274.40036,
                        "pitch": -4.8342943,
                        "roll": 0.0,
                        "fov": 70.0
                    }
                },
                {
                    "point": {
                        "x": -63.42440264527396,
                        "y": 67.96466484704027,
                        "z": -294.1079805371829
                    },
                    "angle": {
                        "yaw": 274.40036,
                        "pitch": -4.8342943,
                        "roll": 0.0,
                        "fov": 70.0
                    }
                },
                {
                    "point": {
                        "x": -52.743371358557496,
                        "y": 67.96466484704027,
                        "z": -307.5226160687872
                    },
                    "angle": {
                        "yaw": 191.80032,
                        "pitch": -4.8342943,
                        "roll": 0.0,
                        "fov": 70.0
                    }
                },
                {
                    "point": {
                        "x": -51.806553064796034,
                        "y": 67.96466484704027,
                        "z": -324.98904963857615
                    },
                    "angle": {
                        "yaw": 179.55032,
                        "pitch": -4.8342943,
                        "roll": 0.0,
                        "fov": 70.0
                    }
                },
                {
                    "point": {
                        "x": -51.920545836395476,
                        "y": 67.96466484704027,
                        "z": -339.48860194808924
                    },
                    "angle": {
                        "yaw": 179.55032,
                        "pitch": -4.8342943,
                        "roll": 0.0,
                        "fov": 70.0
                    }
                },
                {
                    "point": {
                        "x": -52.01881546708465,
                        "y": 67.96466484704027,
                        "z": -351.9882160080143
                    },
                    "angle": {
                        "yaw": 179.55032,
                        "pitch": -4.8342943,
                        "roll": 0.0,
                        "fov": 70.0
                    }
                },
                {
                    "point": {
                        "x": -52.10529274209112,
                        "y": 67.96466484704027,
                        "z": -362.9878763807484
                    },
                    "angle": {
                        "yaw": 179.55032,
                        "pitch": -4.8342943,
                        "roll": 0.0,
                        "fov": 70.0
                    }
                },
                {
                    "point": {
                        "x": -52.207493158007864,
                        "y": 67.96466484704027,
                        "z": -375.9874750030705
                    },
                    "angle": {
                        "yaw": 179.55032,
                        "pitch": -4.8342943,
                        "roll": 0.0,
                        "fov": 70.0
                    }
                },
                {
                    "point": {
                        "x": -52.31362435915217,
                        "y": 67.96466484704027,
                        "z": -389.48705818778956
                    },
                    "angle": {
                        "yaw": 179.55032,
                        "pitch": -4.8342943,
                        "roll": 0.0,
                        "fov": 70.0
                    }
                },
                {
                    "point": {
                        "x": -52.40403241938621,
                        "y": 67.96466484704027,
                        "z": -400.98670312292063
                    },
                    "angle": {
                        "yaw": 179.55032,
                        "pitch": -4.8342943,
                        "roll": 0.0,
                        "fov": 70.0
                    }
                },
                {
                    "point": {
                        "x": -52.50623283530295,
                        "y": 67.96466484704027,
                        "z": -413.9863017452427
                    },
                    "angle": {
                        "yaw": 179.55032,
                        "pitch": -4.8342943,
                        "roll": 0.0,
                        "fov": 70.0
                    }
                },
                {
                    "point": {
                        "x": -52.60057168076456,
                        "y": 67.96466484704027,
                        "z": -425.9859312427708
                    },
                    "angle": {
                        "yaw": 179.55032,
                        "pitch": -4.8342943,
                        "roll": 0.0,
                        "fov": 70.0
                    }
                },
                {
                    "point": {
                        "x": -52.68704895577103,
                        "y": 67.96466484704027,
                        "z": -436.98559161550486
                    },
                    "angle": {
                        "yaw": 179.55032,
                        "pitch": -4.8342943,
                        "roll": 0.0,
                        "fov": 70.0
                    }
                },
                {
                    "point": {
                        "x": -72.25867564505607,
                        "y": 67.96466484704027,
                        "z": -459.1214298845281
                    },
                    "angle": {
                        "yaw": 86.80032,
                        "pitch": -4.8342943,
                        "roll": 0.0,
                        "fov": 70.0
                    }
                },
                {
                    "point": {
                        "x": -83.74071608013183,
                        "y": 67.96466484704027,
                        "z": -458.4800794848253
                    },
                    "angle": {
                        "yaw": 86.80032,
                        "pitch": -4.8342943,
                        "roll": 0.0,
                        "fov": 70.0
                    }
                },
                {
                    "point": {
                        "x": -97.27540271258623,
                        "y": 67.96466484704027,
                        "z": -458.72562818387644
                    },
                    "angle": {
                        "yaw": 86.80032,
                        "pitch": -4.8342943,
                        "roll": 0.0,
                        "fov": 70.0
                    }
                },
                {
                    "point": {
                        "x": -108.8689823476103,
                        "y": 67.96466484704027,
                        "z": -460.08115438157813
                    },
                    "angle": {
                        "yaw": 86.80032,
                        "pitch": -4.8342943,
                        "roll": 0.0,
                        "fov": 70.0
                    }
                },
                {
                    "point": {
                        "x": -136.09746663546832,
                        "y": 67.96466484704027,
                        "z": -461.1375162431051
                    },
                    "angle": {
                        "yaw": 41.300323,
                        "pitch": -4.8342943,
                        "roll": 0.0,
                        "fov": 70.0
                    }
                },
                {
                    "point": {
                        "x": -163.2840155390528,
                        "y": 67.96466484704027,
                        "z": -455.28125602072225
                    },
                    "angle": {
                        "yaw": -4.1996765,
                        "pitch": -4.8342943,
                        "roll": 0.0,
                        "fov": 70.0
                    }
                },
                {
                    "point": {
                        "x": -163.32996682352098,
                        "y": 67.96466484704027,
                        "z": -442.2429325661634
                    },
                    "angle": {
                        "yaw": -4.1996765,
                        "pitch": -4.8342943,
                        "roll": 0.0,
                        "fov": 70.0
                    }
                },
                {
                    "point": {
                        "x": -163.52228230512412,
                        "y": 67.96466484704027,
                        "z": -431.19924624329553
                    },
                    "angle": {
                        "yaw": -4.1996765,
                        "pitch": -4.8342943,
                        "roll": 0.0,
                        "fov": 70.0
                    }
                },
                {
                    "point": {
                        "x": -163.64141568815978,
                        "y": 67.96466484704027,
                        "z": -419.1582413545822
                    },
                    "angle": {
                        "yaw": -4.1996765,
                        "pitch": -4.8342943,
                        "roll": 0.0,
                        "fov": 70.0
                    }
                },
                {
                    "point": {
                        "x": -163.7239580219117,
                        "y": 67.96466484704027,
                        "z": -406.61857718294607
                    },
                    "angle": {
                        "yaw": -4.1996765,
                        "pitch": -4.8342943,
                        "roll": 0.0,
                        "fov": 70.0
                    }
                },
                {
                    "point": {
                        "x": -163.54100277549298,
                        "y": 67.96466484704027,
                        "z": -404.12528076833235
                    },
                    "angle": {
                        "yaw": -4.1996765,
                        "pitch": -4.8342943,
                        "roll": 0.0,
                        "fov": 70.0
                    }
                }
            ],
            "useSpeed": false,
            "speed": {
                "keyframes": [
                    {
                        "tick": 0,
                        "value": 1.0,
                        "interp": "LINEAR",
                        "easing": "IN",
                        "rx": 5.0,
                        "ry": 0.0,
                        "lx": 5.0,
                        "ly": 0.0
                    }
                ]
            },
            "duration": 800,
            "name": "",
            "color": 0,
            "modifiers": [],
            "type": "path",
            "interpolation": "hermite",
            "interpolationAngle": "hermite"
        }
    ],
    "modifiers": [],
    "curves": {}
}