{
    "fixtures": [
        {
            "points": [
                {
                    "point": {
                        "x": -228.33480262758567,
                        "y": 186.81403269771332,
                        "z": -158.53822691658326
                    },
                    "angle": {
                        "yaw": 154.35744,
                        "pitch": 43.505703,
                        "roll": 0.0,
                        "fov": 70.0
                    }
                },
                {
                    "point": {
                        "x": -270.2731830752933,
                        "y": 158.01403269771495,
                        "z": -190.1286268023756
                    },
                    "angle": {
                        "yaw": 127.063866,
                        "pitch": 57.70393,
                        "roll": 0.0,
                        "fov": 70.0
                    }
                },
                {
                    "point": {
                        "x": -239.40617882551345,
                        "y": 92.21403269771534,
                        "z": -265.2451478347386
                    },
                    "angle": {
                        "yaw": 153.664,
                        "pitch": 1.0039558,
                        "roll": 0.0,
                        "fov": 70.0
                    }
                },
                {
                    "point": {
                        "x": -279.9227709078956,
                        "y": 101.01403269771382,
                        "z": -286.91022136074395
                    },
                    "angle": {
                        "yaw": 86.46399,
                        "pitch": -26.996063,
                        "roll": 0.0,
                        "fov": 70.0
                    }
                },
                {
                    "point": {
                        "x": -319.08354645611524,
                        "y": 87.3140326977136,
                        "z": -239.9370086767982
                    },
                    "angle": {
                        "yaw": 33.61401,
                        "pitch": -25.246056,
                        "roll": 0.0,
                        "fov": 70.0
                    }
                },
                {
                    "point": {
                        "x": -412.5202272319992,
                        "y": 97.814032697713,
                        "z": -221.5423923589087
                    },
                    "angle": {
                        "yaw": 94.86401,
                        "pitch": -50.445984,
                        "roll": 0.0,
                        "fov": 70.0
                    }
                },
                {
                    "point": {
                        "x": -412.5010221936703,
                        "y": 159.01403269770952,
                        "z": -260.15492541340814
                    },
                    "angle": {
                        "yaw": 236.26576,
                        "pitch": -13.696043,
                        "roll": 0.0,
                        "fov": 70.0
                    }
                },
                {
                    "point": {
                        "x": -392.8245039814118,
                        "y": 189.2140326977078,
                        "z": -336.82826724795285
                    },
                    "angle": {
                        "yaw": 183.066,
                        "pitch": 33.203968,
                        "roll": 0.0,
                        "fov": 70.0
                    }
                },
                {
                    "point": {
                        "x": -392.07589507931345,
                        "y": 189.2140326977078,
                        "z": -350.80823841837906
                    },
                    "angle": {
                        "yaw": 183.066,
                        "pitch": 33.203968,
                        "roll": 0.0,
                        "fov": 70.0
                    }
                },
                {
                    "point": {
                        "x": -516.2043848046052,
                        "y": 189.2140326977078,
                        "z": -319.66274553265174
                    },
                    "angle": {
                        "yaw": -66.13402,
                        "pitch": 22.703968,
                        "roll": 0.0,
                        "fov": 70.0
                    }
                },
                {
                    "point": {
                        "x": -505.60978550994275,
                        "y": 189.2140326977078,
                        "z": -187.90844894375402
                    },
                    "angle": {
                        "yaw": -66.13402,
                        "pitch": 22.703968,
                        "roll": 0.0,
                        "fov": 70.0
                    }
                },
                {
                    "point": {
                        "x": -397.33734307465613,
                        "y": 103.01403269770826,
                        "z": -134.88604782193647
                    },
                    "angle": {
                        "yaw": -171.13402,
                        "pitch": 30.5,
                        "roll": 0.0,
                        "fov": 70.0
                    }
                },
                {
                    "point": {
                        "x": -349.1736930060163,
                        "y": 119.41403269770849,
                        "z": -250.27248265117186
                    },
                    "angle": {
                        "yaw": -158.53406,
                        "pitch": -2.4000084,
                        "roll": 0.0,
                        "fov": 70.0
                    }
                },
                {
                    "point": {
                        "x": -260.6446262943521,
                        "y": 119.41403269770849,
                        "z": -342.82581578463095
                    },
                    "angle": {
                        "yaw": -155.03406,
                        "pitch": -23.40001,
                        "roll": 0.0,
                        "fov": 70.0
                    }
                },
                {
                    "point": {
                        "x": -465.1130544317694,
                        "y": 138.53336475344256,
                        "z": -401.6440764131799
                    },
                    "angle": {
                        "yaw": 94.96594,
                        "pitch": 17.149986,
                        "roll": 0.0,
                        "fov": 70.0
                    }
                },
                {
                    "point": {
                        "x": -465.1130544317694,
                        "y": 138.53336475344256,
                        "z": -401.6440764131799
                    },
                    "angle": {
                        "yaw": 94.96594,
                        "pitch": 17.149986,
                        "roll": 0.0,
                        "fov": 70.0
                    }
                },
                {
                    "point": {
                        "x": -466.54378480209346,
                        "y": 235.2860453358898,
                        "z": -158.46484094802048
                    },
                    "angle": {
                        "yaw": -90.175125,
                        "pitch": 33.76768,
                        "roll": 0.0,
                        "fov": 70.0
                    }
                },
                {
                    "point": {
                        "x": -299.17962225853773,
                        "y": 172.2860453358898,
                        "z": -126.41319129722882
                    },
                    "angle": {
                        "yaw": -125.175125,
                        "pitch": 54.76768,
                        "roll": 0.0,
                        "fov": 70.0
                    }
                },
                {
                    "point": {
                        "x": -220.00173702418027,
                        "y": 211.48604533588758,
                        "z": -217.37827233331925
                    },
                    "angle": {
                        "yaw": -141.97505,
                        "pitch": 21.167645,
                        "roll": 0.0,
                        "fov": 70.0
                    }
                },
                {
                    "point": {
                        "x": -208.9126094835919,
                        "y": 211.48604533588758,
                        "z": -231.5568207885576
                    },
                    "angle": {
                        "yaw": -141.97505,
                        "pitch": 21.167645,
                        "roll": 0.0,
                        "fov": 70.0
                    }
                }
            ],
            "useSpeed": false,
            "speed": {
                "keyframes": [
                    {
                        "tick": 0,
                        "value": 1.0,
                        "interp": "LINEAR",
                        "easing": "IN",
                        "rx": 5.0,
                        "ry": 0.0,
                        "lx": 5.0,
                        "ly": 0.0
                    }
                ]
            },
            "duration": 2000,
            "name": "",
            "color": 0,
            "modifiers": [],
            "type": "path",
            "interpolation": "hermite",
            "interpolationAngle": "hermite"
        }
    ],
    "modifiers": [],
    "curves": {}
}