{
  "fixtures": [
    {
      "points": [
        {
          "point": {
            "x": -400.0,
            "y": 150.0,
            "z": -300.0
          },
          "angle": {
            "yaw": 0.0,
            "pitch": 45.0,
            "roll": 0.0,
            "fov": 70
          }
        },
        {
          "point": {
            "x": -329.28932188134524,
            "y": 150.0,
            "z": -270.71067811865476
          },
          "angle": {
            "yaw": 45.0,
            "pitch": 45.0,
            "roll": 0.0,
            "fov": 70
          }
        },
        {
          "point": {
            "x": -300.0,
            "y": 150.0,
            "z": -200.0
          },
          "angle": {
            "yaw": 90.0,
            "pitch": 45.0,
            "roll": 0.0,
            "fov": 70
          }
        },
        {
          "point": {
            "x": -329.28932188134524,
            "y": 150.0,
            "z": -129.28932188134524
          },
          "angle": {
            "yaw": 135.0,
            "pitch": 45.0,
            "roll": 0.0,
            "fov": 70
          }
        },
        {
          "point": {
            "x": -400.0,
            "y": 150.0,
            "z": -100.0
          },
          "angle": {
            "yaw": 180.0,
            "pitch": 45.0,
            "roll": 0.0,
            "fov": 70
          }
        },
        {
          "point": {
            "x": -470.71067811865476,
            "y": 150.0,
            "z": -129.28932188134524
          },
          "angle": {
            "yaw": 225.0,
            "pitch": 45.0,
            "roll": 0.0,
            "fov": 70
          }
        },
        {
          "point": {
            "x": -500.0,
            "y": 150.0,
            "z": -200.0
          },
          "angle": {
            "yaw": 270.0,
            "pitch": 45.0,
            "roll": 0.0,
            "fov": 70
          }
        },
        {
          "point": {
            "x": -470.71067811865476,
            "y": 150.0,
            "z": -270.71067811865476
          },
          "angle": {
            "yaw": 315.0,
            "pitch": 45.0,
            "roll": 0.0,
            "fov": 70
          }
        },
        {
          "point": {
            "x": -400.0,
            "y": 150.0,
            "z": -300.0
          },
          "angle": {
            "yaw": 360.0,
            "pitch": 45.0,
            "roll": 0.0,
            "fov": 70
          }
        }
      ],
      "useSpeed": false,
      "speed": {
        "keyframes": [
          {
            "tick": 0,
            "value": 1.0,
            "interp": "LINEAR",
            "easing": "IN",
            "rx": 5.0,
            "ry": 0.0,
            "lx": 5.0,
            "ly": 0.0
          }
        ]
      },
      "duration": 100,
      "name": "",
      "color": 0,
      "modifiers": [],
      "type": "path",
      "interpolation": "linear",
      "interpolationAngle": "linear"
    }
  ],
  "modifiers": [],
  "curves": {}
}