{
    "fixtures": [
        {
            "points": [
                {
                    "point": {
                        "x": 0.0,
                        "y": 150.0,
                        "z": -100.0
                    },
                    "angle": {
                        "yaw": 0.0,
                        "pitch": 45.0,
                        "roll": 0.0,
                        "fov": 70.0
                    }
                },
                {
                    "point": {
                        "x": 70.71067811865474,
                        "y": 150.0,
                        "z": -70.71067811865474
                    },
                    "angle": {
                        "yaw": 45.0,
                        "pitch": 45.0,
                        "roll": 0.0,
                        "fov": 70.0
                    }
                },
                {
                    "point": {
                        "x": 100.0,
                        "y": 150.0,
                        "z": 0.0
                    },
                    "angle": {
                        "yaw": 90.0,
                        "pitch": 45.0,
                        "roll": 0.0,
                        "fov": 70.0
                    }
                },
                {
                    "point": {
                        "x": 70.71067811865474,
                        "y": 150.0,
                        "z": 70.71067811865474
                    },
                    "angle": {
                        "yaw": 135.0,
                        "pitch": 45.0,
                        "roll": 0.0,
                        "fov": 70.0
                    }
                },
                {
                    "point": {
                        "x": 0.0,
                        "y": 150.0,
                        "z": 100.0
                    },
                    "angle": {
                        "yaw": 180.0,
                        "pitch": 45.0,
                        "roll": 0.0,
                        "fov": 70.0
                    }
                },
                {
                    "point": {
                        "x": -70.71067811865474,
                        "y": 150.0,
                        "z": 70.71067811865474
                    },
                    "angle": {
                        "yaw": 225.0,
                        "pitch": 45.0,
                        "roll": 0.0,
                        "fov": 70.0
                    }
                },
                {
                    "point": {
                        "x": -100.0,
                        "y": 150.0,
                        "z": 0.0
                    },
                    "angle": {
                        "yaw": 270.0,
                        "pitch": 45.0,
                        "roll": 0.0,
                        "fov": 70.0
                    }
                },
                {
                    "point": {
                        "x": -70.71067811865474,
                        "y": 150.0,
                        "z": -70.71067811865474
                    },
                    "angle": {
                        "yaw": 315.0,
                        "pitch": 45.0,
                        "roll": 0.0,
                        "fov": 70.0
                    }
                },
                {
                    "point": {
                        "x": 0.0,
                        "y": 150.0,
                        "z": -100.0
                    },
                    "angle": {
                        "yaw": 360.0,
                        "pitch": 45.0,
                        "roll": 0.0,
                        "fov": 70.0
                    }
                }
            ],
            "useSpeed": false,
            "speed": {
                "keyframes": [
                    {
                        "tick": 0,
                        "value": 1.0,
                        "interp": "LINEAR",
                        "easing": "IN",
                        "rx": 5.0,
                        "ry": 0.0,
                        "lx": 5.0,
                        "ly": 0.0
                    }
                ]
            },
            "duration": 200,
            "name": "",
            "color": 0,
            "modifiers": [],
            "type": "path",
            "interpolation": "hermite",
            "interpolationAngle": "hermite"
        }
    ],
    "modifiers": [],
    "curves": {}
}